item_id,reviewer_role,reviewer_id,independent_of_authors_yes_no,review_date_yyyy_mm_dd,expertise_summary,years_relevant_experience,conflict_of_interest,material_reviewed,first_pass_frozen_at_utc,review_record_id,signed_attestation_yes_no,signed_review_record_sha256,technique_mapping_correct_1_to_5,action_coherent_1_to_5,order_plausible_1_to_5,checks_deterministic_1_to_5,critical_error_yes_no,acceptable_yes_no,correction_required_yes_no,correction_summary,notes
OUT-001,,,,,,,,,,,,,,,,,,,,,
OUT-002,,,,,,,,,,,,,,,,,,,,,
OUT-003,,,,,,,,,,,,,,,,,,,,,
OUT-004,,,,,,,,,,,,,,,,,,,,,
OUT-005,,,,,,,,,,,,,,,,,,,,,
OUT-006,,,,,,,,,,,,,,,,,,,,,
OUT-007,,,,,,,,,,,,,,,,,,,,,
OUT-008,,,,,,,,,,,,,,,,,,,,,
OUT-009,,,,,,,,,,,,,,,,,,,,,
OUT-010,,,,,,,,,,,,,,,,,,,,,
OUT-011,,,,,,,,,,,,,,,,,,,,,
OUT-012,,,,,,,,,,,,,,,,,,,,,
OUT-013,,,,,,,,,,,,,,,,,,,,,
OUT-014,,,,,,,,,,,,,,,,,,,,,
OUT-015,,,,,,,,,,,,,,,,,,,,,
OUT-016,,,,,,,,,,,,,,,,,,,,,
OUT-017,,,,,,,,,,,,,,,,,,,,,
OUT-018,,,,,,,,,,,,,,,,,,,,,
OUT-019,,,,,,,,,,,,,,,,,,,,,
OUT-020,,,,,,,,,,,,,,,,,,,,,
OUT-021,,,,,,,,,,,,,,,,,,,,,
OUT-022,,,,,,,,,,,,,,,,,,,,,
OUT-023,,,,,,,,,,,,,,,,,,,,,
OUT-024,,,,,,,,,,,,,,,,,,,,,
OUT-025,,,,,,,,,,,,,,,,,,,,,
OUT-026,,,,,,,,,,,,,,,,,,,,,
OUT-027,,,,,,,,,,,,,,,,,,,,,
OUT-028,,,,,,,,,,,,,,,,,,,,,
OUT-029,,,,,,,,,,,,,,,,,,,,,
OUT-030,,,,,,,,,,,,,,,,,,,,,
OUT-031,,,,,,,,,,,,,,,,,,,,,
OUT-032,,,,,,,,,,,,,,,,,,,,,
OUT-033,,,,,,,,,,,,,,,,,,,,,
OUT-034,,,,,,,,,,,,,,,,,,,,,
OUT-035,,,,,,,,,,,,,,,,,,,,,
OUT-036,,,,,,,,,,,,,,,,,,,,,
OUT-037,,,,,,,,,,,,,,,,,,,,,
OUT-038,,,,,,,,,,,,,,,,,,,,,
OUT-039,,,,,,,,,,,,,,,,,,,,,
OUT-040,,,,,,,,,,,,,,,,,,,,,
OUT-041,,,,,,,,,,,,,,,,,,,,,
OUT-042,,,,,,,,,,,,,,,,,,,,,
OUT-043,,,,,,,,,,,,,,,,,,,,,
OUT-044,,,,,,,,,,,,,,,,,,,,,
OUT-045,,,,,,,,,,,,,,,,,,,,,
OUT-046,,,,,,,,,,,,,,,,,,,,,
OUT-047,,,,,,,,,,,,,,,,,,,,,
OUT-048,,,,,,,,,,,,,,,,,,,,,
OUT-049,,,,,,,,,,,,,,,,,,,,,
OUT-050,,,,,,,,,,,,,,,,,,,,,
OUT-051,,,,,,,,,,,,,,,,,,,,,
OUT-052,,,,,,,,,,,,,,,,,,,,,
OUT-053,,,,,,,,,,,,,,,,,,,,,
OUT-054,,,,,,,,,,,,,,,,,,,,,
